quantile,duration_min
0.5,2.3
0.9,54.35666666666672
0.95,123.91083333333285
0.99,223.72249999999988
